Workbook

Sheet 안내
B2: 대교홀딩스 SMART 사업계획 관리 — 개편 검증 테스트
B3: 작성일 2026-10-29 · 테스터 2명 · 기능 20건 + 업무 흐름 6건
B5: 목적 | C5: UI/UX와 기능이 대폭 개편되었습니다. 개편된 부분이 의도대로 동작하는지 담당자 2명이 나눠서 직접 확인합니다.
B6: 두 종류의 테스트 | C6: ① 기능 확인 (1인 10건) — 화면 하나하나가 제대로 동작하는지 봅니다. 짧게 끊어서 진행합니다. ② 업무 흐름 (1인 3건) — 전략을 세우고 → SMART로 쓰고 → KPI를 정하고 → 측정 규칙을 만드는 일련의 과정을 실제 업무처럼 한 번에 돌려봅니다. 세 건이 이어지는 한 번의 업무입니다. 먼저 ①을 끝내고 ②로 가는 편이 좋습니다. 화면에 익숙해진 상태에서 업무 흐름을 봐야 내용에 집중할 수 있습니다.
B7: 담당 배정 | C7: 류원준 대리 (강원심층수) → 기능 KW-01~KW-10 · 업무 WK-01~WK-03 장민경 과장 (대교D&S) → 기능 DS-01~DS-10 · 업무 WD-01~WD-03 각자 본인 회사 데이터만 다룹니다. 상대방 시나리오는 보지 않아도 됩니다.
B8: 진행 순서 | C8: ① 본인 시나리오 시트에서 케이스를 위에서부터 하나씩 읽습니다. ② 적힌 순서대로 웹앱에서 그대로 해봅니다. ③ '확인항목' 시트로 가서 본인 케이스ID 줄을 찾습니다. ④ '기대 결과'와 실제 화면을 비교해 '판정' 칸에서 PASS / FAIL 을 고릅니다. ⑤ FAIL이면 '결함목록' 시트에 한 줄 추가하고, 결함ID를 확인항목 줄에 적습니다. ⑥ 시나리오 시트로 돌아오면 PASS·FAIL 수가 자동으로 집계됩니다.
B9: 업무 흐름은 다르게 진행합니다 | C9: 업무 흐름(WK·WD)은 화면을 누르기 전에 '먼저 생각해볼 것' 칸을 종이에 답해보세요. 이 테스트의 절반은 시스템 점검이고, 나머지 절반은 '이 시스템으로 사업계획을 세울 수 있는가'를 보는 것입니다. 생각이 막히는 지점이 있으면 그것도 적어주세요. 화면이 멀쩡해도 일이 안 되면 고쳐야 합니다. 세 건을 이어서 하루에 끝내는 편이 좋습니다. 중간에 끊으면 맥락이 사라집니다. (1인 약 1시간 반)
B10: 입력 규칙 | C10: 노란 칸만 입력합니다. 나머지는 수식이거나 설명입니다. 판정 칸은 직접 타이핑하지 말고 드롭다운에서 고르세요. 화면과 다르면 주저하지 말고 FAIL을 고르세요. 애매하면 '보류'로 두고 넘어가면 됩니다.
B11: 판정 기준 | C11: PASS — 기대 결과와 똑같다 FAIL — 기대 결과와 다르다 (오류가 나거나, 아예 그 기능이 없거나, 다르게 동작한다) 보류 — 판단이 서지 않는다. 나중에 같이 본다 해당없음 — 내 권한이나 내 회사 데이터로는 확인할 수 없다
B12: 테스트 데이터 | C12: 기능 테스트는 실제 2026년 데이터로 합니다. 새로 만드는 목표는 전략 이름 앞에 [테스트] 를 붙여주세요. 업무 흐름은 가상의 연습용 상황입니다. 실제 계획이 아니므로 전략 이름 앞에 [연습] 을 붙여주세요. 업무 흐름에서 KPI 기준정보에 지표를 새로 등록하게 되는데, 마지막 단계에 정리(숨김) 절차가 들어 있습니다. 모든 변경은 자동으로 기록되므로 되돌릴 수 있습니다.
B13: 확인할 수 없는 것 | C13: ① 지주사의 '최종 확정' 단계 — 두 분 모두 계열사 담당자라 이 단추가 없습니다. 지주사 담당자가 별도로 확인합니다. ② '사업부 담당자가 작성 → 계열사가 검토' 흐름 — 사업부 담당자 계정이 아직 없습니다. ③ '작년 목표 불러오기' — 시스템에 2025년 데이터가 아예 없어서 이번에는 확인할 수 없습니다. 이 세 가지는 시나리오에서 빠져 있습니다. 못 찾았다고 FAIL로 두지 마세요.
B14: 문의 | C14: 진행 중 막히면 바로 물어봐 주세요. 막힌 것도 결함입니다 — '결함목록'에 적어두면 됩니다.
B16: 범례 | C16: 노란 칸 = 테스터가 입력하는 칸 · 회색 칸 = 자동 계산 · 흰 칸 = 읽는 설명

Sheet 기능_강원심층수
A1: 강원심층수 — 류원준 대리 | 기능 확인 10건 | H1: ← 이 네 칸은 '확인항목' 시트에서 자동 집계됩니다
A2: 케이스ID | B2: 화면 · 기능 | C2: 무엇을 확인하나요 | D2: 왜 보나요 (개편된 내용) | E2: 시작하기 전에 | F2: 어떻게 하나요 (순서대로) | G2: 특히 눈여겨볼 것 | H2: 확인 항목 | I2: PASS | J2: FAIL | K2: 미확인 | L2: 케이스 결과 | M2: 테스트일 | N2: 메모
A3: KW-01 | B3: 로그인 · 메뉴 | C3: 로그인하면 어느 화면이 먼저 뜨는지, 메뉴 순서가 바뀌었는지 본다 | D3: 메뉴 이름과 순서를 바꿨습니다. '현황'→'대시보드'로 이름이 바뀌어 맨 위로, '홈'→'나의 할 일'로 바뀌어 두 번째로 왔습니다. | E3: 본인 계정(wonjun_ryu@daekyo.co.kr)으로 로그아웃된 상태에서 시작 | F3: ① 로그인한다 ② 로그인 직후 어느 화면이 떴는지 본다 ③ 왼쪽 메뉴 이름을 위에서부터 읽는다 ④ 왼쪽 아래 연도가 2026년인지 본다 ⑤ 화면 위 '회사' 선택칸을 열어본다 | G3: 메뉴가 대시보드 → 나의 할 일 → 사업계획 → 실적 입력 순서인지, 회사 선택칸에 강원심층수만 있는지 | H3: =COUNTIF(확인항목!$A:$A,$A3) -> 5 | I3: =COUNTIFS(확인항목!$A:$A,$A3,확인항목!$G:$G,"PASS") -> 0 | J3: =COUNTIFS(확인항목!$A:$A,$A3,확인항목!$G:$G,"FAIL") -> 0 | K3: =COUNTIFS(확인항목!$A:$A,$A3,확인항목!$G:$G,"") -> 5 | L3: =IF($J3>0,"FAIL",IF($H3=0,"-",IF($K3=$H3,"미착수",IF($I3=$H3,"PASS","진행중")))) -> 미착수
A4: KW-02 | B4: 대시보드 | C4: 대시보드의 숫자를 눌렀을 때 바로 할 일 화면으로 넘어가는지 본다 | D4: 예전에는 숫자가 그냥 글자였습니다. 이제 숫자를 누르면 그 목표들만 걸러진 목록으로 넘어갑니다. 특히 '실적 미입력'은 현황이 아니라 실적을 넣는 화면으로 바로 갑니다. | E4: 대시보드 화면 | F4: ① 맨 위 '전체 목표' 숫자를 누른다 → 어디로 가는지 본다 ② 뒤로 돌아온다 ③ 아래 '실적 미입력 목표' 카드에서 목표 이름 하나를 누른다 → 어디로 가는지 본다 ④ 뒤로 돌아와 도넛 그래프의 조각 하나를 누른다 | G4: 실적 미입력을 눌렀을 때 '실적 입력' 화면이 그 목표가 선택된 채로 열리는지 | H4: =COUNTIF(확인항목!$A:$A,$A4) -> 5 | I4: =COUNTIFS(확인항목!$A:$A,$A4,확인항목!$G:$G,"PASS") -> 0 | J4: =COUNTIFS(확인항목!$A:$A,$A4,확인항목!$G:$G,"FAIL") -> 0 | K4: =COUNTIFS(확인항목!$A:$A,$A4,확인항목!$G:$G,"") -> 5 | L4: =IF($J4>0,"FAIL",IF($H4=0,"-",IF($K4=$H4,"미착수",IF($I4=$H4,"PASS","진행중")))) -> 미착수
A5: KW-03 | B5: 나의 할 일 | C5: 지금 내가 처리해야 할 목표만 모여 있는지, 사업계획 메뉴의 숫자와 맞는지 본다 | D5: 흩어져 있던 '내가 할 일'을 한 화면에 모았습니다. 급한 순서(마감 지남 → 남이 넘긴 일 → 내가 멈춰둔 일)로 정렬됩니다. | E5: 대시보드 → '나의 할 일' 메뉴 | F5: ① '나의 할 일'을 연다 ② 카드가 몇 장인지 센다 ③ 왼쪽 메뉴 '사업계획' 옆에 붙은 빨간 숫자와 같은지 비교한다 ④ 카드 하나를 눌러 해당 화면으로 가는지 본다 ⑤ 할 일이 없다면 안내 문구가 뜨는지 본다 | G5: 카드 장수와 사업계획 옆 숫자가 같은지, 카드를 누르면 바로 그 일을 하는 화면으로 가는지 | H5: =COUNTIF(확인항목!$A:$A,$A5) -> 5 | I5: =COUNTIFS(확인항목!$A:$A,$A5,확인항목!$G:$G,"PASS") -> 0 | J5: =COUNTIFS(확인항목!$A:$A,$A5,확인항목!$G:$G,"FAIL") -> 0 | K5: =COUNTIFS(확인항목!$A:$A,$A5,확인항목!$G:$G,"") -> 5 | L5: =IF($J5>0,"FAIL",IF($H5=0,"-",IF($K5=$H5,"미착수",IF($I5=$H5,"PASS","진행중")))) -> 미착수
A6: KW-04 | B6: 사업계획 목록 | C6: 같은 전략 이름이 반복될 때 〃로 줄어드는지, 펼침 단추가 모든 줄에 있는지 본다 | D6: 회사·사업부 이름이 줄마다 반복되던 걸 없앴습니다. 전략 이름이 위와 같으면 〃로 줄입니다. 〃로 줄어든 줄에서도 펼침 단추(›)는 그대로 있어야 합니다. | E6: 사업계획 메뉴 → '전체' 탭 | F6: ① '전체' 탭을 연다 ② 신성장 사업부의 '신성장동력 발굴(소금사업)' 줄을 찾는다 (3건이 이어져 있다) ③ 두 번째·세 번째 줄의 전략 이름 자리가 〃로 되어 있는지 본다 ④ 〃로 된 줄의 › 단추를 눌러 펼쳐본다 ⑤ 펼쳐진 칸 맨 위에 어느 목표인지 이름이 적혀 있는지 본다 ⑥ 탭을 하나씩(내 차례/작성 중/검토 중/확정) 눌러 건수가 바뀌는지 본다 | G6: 〃로 줄어든 줄도 펼쳐지는지, 펼친 내용이 S·M·A·R·T 순서로 세로로 쌓여 있고 각 줄 앞에 점(·)이 붙어 있는지 | H6: =COUNTIF(확인항목!$A:$A,$A6) -> 7 | I6: =COUNTIFS(확인항목!$A:$A,$A6,확인항목!$G:$G,"PASS") -> 0 | J6: =COUNTIFS(확인항목!$A:$A,$A6,확인항목!$G:$G,"FAIL") -> 0 | K6: =COUNTIFS(확인항목!$A:$A,$A6,확인항목!$G:$G,"") -> 7 | L6: =IF($J6>0,"FAIL",IF($H6=0,"-",IF($K6=$H6,"미착수",IF($I6=$H6,"PASS","진행중")))) -> 미착수
A7: KW-05 | B7: 목표 작성 | C7: 새 목표를 3단계로 작성하면서 자동 저장과 목표값 나누기가 되는지 본다 | D7: 한 화면에 다 있던 입력칸을 3단계로 나눴습니다. 중간에 자동 저장되고, 연간 목표값을 넣으면 월별로 자동 분배됩니다. SMART 다섯 칸은 모두 선택 항목입니다. | E7: 사업계획 → '새 목표 작성'. 테스트용이므로 전략 이름 앞에 [테스트] 를 붙여주세요 | F7: ① 1단계: 사업부 '영업', 전략 이름 '[테스트] 류원준 작성확인' 입력 ② 2단계로 넘어가 KPI 지표를 초성으로 검색해본다 (예: ㅁㅊ → 매출) ③ 지표를 고르고 연간 목표값 1200 입력, 단위는 비워둔 채 제출을 눌러본다 ④ 단위를 '백만원'으로 채운다 ⑤ '월별로 나누기' 기능으로 목표값이 분배되는지 본다 ⑥ 3단계로 가서 SMART를 하나도 안 쓴 채로 제출해본다 | G7: 단위를 비우면 제출이 막히는지, SMART를 비워도 제출이 되는지, 1단계로 돌아가도 쓴 내용이 남아 있는지 | H7: =COUNTIF(확인항목!$A:$A,$A7) -> 6 | I7: =COUNTIFS(확인항목!$A:$A,$A7,확인항목!$G:$G,"PASS") -> 0 | J7: =COUNTIFS(확인항목!$A:$A,$A7,확인항목!$G:$G,"FAIL") -> 0 | K7: =COUNTIFS(확인항목!$A:$A,$A7,확인항목!$G:$G,"") -> 6 | L7: =IF($J7>0,"FAIL",IF($H7=0,"-",IF($K7=$H7,"미착수",IF($I7=$H7,"PASS","진행중")))) -> 미착수
A8: KW-06 | B8: 목표 작성 · 목록 | C8: 제출을 막는 조건이 목록에서 미리 보이는지 본다 | D8: 목록의 상태칸 아래에 '제출 가능' 또는 '무엇이 더 필요한지'가 미리 뜹니다. 열어보고 나서야 빈칸을 발견하는 일을 없애기 위한 것입니다. | E8: 사업계획 → '작성 중' 탭 | F8: ① '작성 중' 탭을 연다 ② 전사 공통 2번(전략 이름 '1')의 상태칸 아래 문구를 읽는다 → 'KPI 지표 필요'라고 뜨는지 ③ 신성장 2번('신성장동력 발굴(소금사업)', 소금 원가율)의 문구를 읽는다 → '목표값 필요'라고 뜨는지 ④ 전사 공통 1번('미지정 테스트')의 문구를 읽는다 → '제출 가능'이라고 뜨는지 ⑤ ②번 목표를 열어 실제로 제출을 눌러본다 | G8: 목록에 적힌 사유와 실제로 제출을 막는 사유가 같은지 | H8: =COUNTIF(확인항목!$A:$A,$A8) -> 4 | I8: =COUNTIFS(확인항목!$A:$A,$A8,확인항목!$G:$G,"PASS") -> 0 | J8: =COUNTIFS(확인항목!$A:$A,$A8,확인항목!$G:$G,"FAIL") -> 0 | K8: =COUNTIFS(확인항목!$A:$A,$A8,확인항목!$G:$G,"") -> 4 | L8: =IF($J8>0,"FAIL",IF($H8=0,"-",IF($K8=$H8,"미착수",IF($I8=$H8,"PASS","진행중")))) -> 미착수
A9: KW-07 | B9: 결재 흐름 | C9: 작성 → 제출 → 검토 → 보완 요청 → 다시 제출 → 합의 를 한 바퀴 돌려본다 | D9: 3단계 결재(사업부 → 계열사 → 지주사)는 그대로입니다. 다만 계열사 담당자는 작성과 검토를 겸하므로, 본인이 제출한 것을 본인이 검토할 수 있습니다. | E9: KW-05에서 만든 '[테스트] 류원준 작성확인' 목표 사용 | F9: ① 그 목표를 제출한다 → 상태가 '검토 중'으로 바뀌는지 본다 ② '나의 할 일'에 '검토할 차례'로 올라오는지 본다 ③ 검토 화면을 열어 지표 표(지표명·목표값·단위·작년)가 보이는지 본다 ④ '보완 요청'을 누르고 사유를 적는다 ⑤ 목록에서 그 목표의 상태와 사유가 보이는지 본다 ⑥ 수정해서 다시 제출하고, 이번엔 '합의'를 누른다 | G9: 각 단계에서 상태 이름이 작성 중 → 검토 중 → 보완 요청 → 검토 중 → (지주사 확정 대기) 로 바뀌는지 | H9: =COUNTIF(확인항목!$A:$A,$A9) -> 6 | I9: =COUNTIFS(확인항목!$A:$A,$A9,확인항목!$G:$G,"PASS") -> 0 | J9: =COUNTIFS(확인항목!$A:$A,$A9,확인항목!$G:$G,"FAIL") -> 0 | K9: =COUNTIFS(확인항목!$A:$A,$A9,확인항목!$G:$G,"") -> 6 | L9: =IF($J9>0,"FAIL",IF($H9=0,"-",IF($K9=$H9,"미착수",IF($I9=$H9,"PASS","진행중")))) -> 미착수
A10: KW-08 | B10: 제출취소 | C10: 지주사 확정을 기다리는 목표를 다시 회수할 수 있는지 본다 | D10: 계열사 담당자는 지주사가 확정하기 전까지 제출을 되돌릴 수 있습니다. | E10: 생산 4번('생산성 향상....') 또는 신성장 1번('신성장동력 발굴(소금사업)') — 지주사 확정 대기 상태 | F10: ① 그 목표의 상세 화면을 연다 ② 위쪽 '지금 할 일' 문구를 읽는다 → 누구를 기다리는 중이라고 적혀 있는지 ③ '제출취소' 단추를 누른다 ④ 되돌아간 상태를 확인한다 ⑤ 맨 아래 '검토 · 합의 이력'을 펼쳐 제출취소 기록이 남았는지 본다 | G10: 제출취소 후 상태가 '검토 중'으로 돌아가는지, 이력에 기록이 남는지 | H10: =COUNTIF(확인항목!$A:$A,$A10) -> 4 | I10: =COUNTIFS(확인항목!$A:$A,$A10,확인항목!$G:$G,"PASS") -> 0 | J10: =COUNTIFS(확인항목!$A:$A,$A10,확인항목!$G:$G,"FAIL") -> 0 | K10: =COUNTIFS(확인항목!$A:$A,$A10,확인항목!$G:$G,"") -> 4 | L10: =IF($J10>0,"FAIL",IF($H10=0,"-",IF($K10=$H10,"미착수",IF($I10=$H10,"PASS","진행중")))) -> 미착수
A11: KW-09 | B11: 실적 입력 | C11: 이번 달 실적을 넣고, 엑셀에서 복사한 값을 한 번에 붙여넣어 본다 | D11: 실적 입력 화면이 '이번 기간'과 '한 해 전체 보기' 두 탭으로 나뉘었습니다. 엑셀에서 세로로 복사한 여러 달치 값을 한 칸에 붙여넣으면 아래로 쭉 채워집니다. | E11: 영업 사업부의 확정된 목표(회원성장확대 / 고객 유통시장 확장 등) | F11: ① 실적 입력 메뉴를 연다 → 기본으로 '이번 기간' 탭이 열리는지 본다 ② '마감이 지난 칸'과 '이번 기간'으로 나뉘어 있는지 본다 ③ 값을 하나 입력하고 칸 밖을 누른다 → 저장 알림이 화면 모서리에 잠깐 떴다 사라지는지 본다 ④ '한 해 전체 보기' 탭으로 간다 ⑤ 엑셀에 숫자 3개를 세로로 적어 복사한 뒤, 3월 칸에 붙여넣는다 ⑥ Enter 와 ↓ 키로 칸을 옮겨본다 | G11: 붙여넣기로 3·4·5월이 한 번에 채워지는지, 알림이 가운데 창(확인 눌러야 하는 창)이 아니라 모서리에 잠깐 뜨는 형태인지 | H11: =COUNTIF(확인항목!$A:$A,$A11) -> 6 | I11: =COUNTIFS(확인항목!$A:$A,$A11,확인항목!$G:$G,"PASS") -> 0 | J11: =COUNTIFS(확인항목!$A:$A,$A11,확인항목!$G:$G,"FAIL") -> 0 | K11: =COUNTIFS(확인항목!$A:$A,$A11,확인항목!$G:$G,"") -> 6 | L11: =IF($J11>0,"FAIL",IF($H11=0,"-",IF($K11=$H11,"미착수",IF($I11=$H11,"PASS","진행중")))) -> 미착수
A12: KW-10 | B12: 목표 상세 | C12: 목표 상세 화면이 '요약 먼저, 서술 나중' 순서로 바뀌었는지 본다 | D12: 예전에는 SMART 서술 여섯 칸이 맨 위에 있어 숫자를 보려면 스크롤해야 했습니다. 이제 요약 숫자 4칸이 먼저 오고 SMART는 접혀 있습니다. | E12: 영업 사업부의 확정된 목표 아무거나 (실적이 들어 있는 것) | F12: ① 목록에서 목표 이름을 눌러 상세로 들어간다 ② 맨 위 길잡이(사업계획 › 강원심층수 › 영업 › N번)가 있는지 본다 ③ 요약 4칸(달성률 / 핵심지표 / 실적 입력 / 마감 지난 미입력)을 읽는다 ④ 달성률 아래에 '지표 N개 평균'이라고 적혀 있는지 본다 ⑤ '목표 내용 (SMART)'이 접혀 있는지, 눌러서 펼쳐지는지 본다 ⑥ 맨 아래 '변경 이력'을 펼쳐 KW-07에서 내가 바꾼 내용이 기록돼 있는지 본다 | G12: 요약 4칸이 지표 카드보다 위에 있는지, 변경 이력에 내가 바꾼 것이 자동으로 남아 있는지 | H12: =COUNTIF(확인항목!$A:$A,$A12) -> 6 | I12: =COUNTIFS(확인항목!$A:$A,$A12,확인항목!$G:$G,"PASS") -> 0 | J12: =COUNTIFS(확인항목!$A:$A,$A12,확인항목!$G:$G,"FAIL") -> 0 | K12: =COUNTIFS(확인항목!$A:$A,$A12,확인항목!$G:$G,"") -> 6 | L12: =IF($J12>0,"FAIL",IF($H12=0,"-",IF($K12=$H12,"미착수",IF($I12=$H12,"PASS","진행중")))) -> 미착수

Sheet 기능_대교D&S
A1: 대교D&S — 장민경 과장 | 기능 확인 10건 | H1: ← 이 네 칸은 '확인항목' 시트에서 자동 집계됩니다
A2: 케이스ID | B2: 화면 · 기능 | C2: 무엇을 확인하나요 | D2: 왜 보나요 (개편된 내용) | E2: 시작하기 전에 | F2: 어떻게 하나요 (순서대로) | G2: 특히 눈여겨볼 것 | H2: 확인 항목 | I2: PASS | J2: FAIL | K2: 미확인 | L2: 케이스 결과 | M2: 테스트일 | N2: 메모
A3: DS-01 | B3: 로그인 · 메뉴 | C3: 로그인하면 어느 화면이 먼저 뜨는지, 메뉴 순서가 바뀌었는지 본다 | D3: 메뉴 이름과 순서를 바꿨습니다. '현황'→'대시보드'로 이름이 바뀌어 맨 위로, '홈'→'나의 할 일'로 바뀌어 두 번째로 왔습니다. | E3: 본인 계정(minkyung_jang@daekyo.co.kr)으로 로그아웃된 상태에서 시작 | F3: ① 로그인한다 ② 로그인 직후 어느 화면이 떴는지 본다 ③ 왼쪽 메뉴 이름을 위에서부터 읽는다 ④ 왼쪽 아래 연도가 2026년인지 본다 ⑤ 화면 위 '회사' 선택칸을 열어본다 | G3: 메뉴가 대시보드 → 나의 할 일 → 사업계획 → 실적 입력 순서인지, 회사 선택칸에 대교D&S만 있는지 | H3: =COUNTIF(확인항목!$A:$A,$A3) -> 5 | I3: =COUNTIFS(확인항목!$A:$A,$A3,확인항목!$G:$G,"PASS") -> 0 | J3: =COUNTIFS(확인항목!$A:$A,$A3,확인항목!$G:$G,"FAIL") -> 0 | K3: =COUNTIFS(확인항목!$A:$A,$A3,확인항목!$G:$G,"") -> 5 | L3: =IF($J3>0,"FAIL",IF($H3=0,"-",IF($K3=$H3,"미착수",IF($I3=$H3,"PASS","진행중")))) -> 미착수
A4: DS-02 | B4: 대시보드 | C4: '확정만 보기'와 '전체 보기'를 바꿔가며 숫자와 그래프가 따라 바뀌는지 본다 | D4: 대시보드는 기본적으로 확정된 목표만 셉니다. 작성 중인 것까지 보려면 토글을 켭니다. 그래프 조각을 누르면 해당 목표 목록으로 넘어갑니다. | E4: 대시보드 화면. 대교D&S는 작성 중 15건, 확정 7건이 있습니다 | F4: ① 대시보드를 연다 → 맨 위 한 줄 요약 문장을 읽는다 ② '작성 중인 목표도 함께 보기' 토글을 켠다 → 숫자가 커지는지 본다 ③ 다시 끈다 → 숫자가 돌아오는지 본다 ④ 도넛 그래프에서 '작성 중' 조각을 누른다 → 어디로 가는지 본다 ⑤ 뒤로 돌아와 막대 그래프의 사업부 막대 하나를 누른다 | G4: 토글에 따라 숫자·그래프가 같이 바뀌는지, 그래프를 누르면 그 조건으로 걸러진 목록이 열리는지 | H4: =COUNTIF(확인항목!$A:$A,$A4) -> 5 | I4: =COUNTIFS(확인항목!$A:$A,$A4,확인항목!$G:$G,"PASS") -> 0 | J4: =COUNTIFS(확인항목!$A:$A,$A4,확인항목!$G:$G,"FAIL") -> 0 | K4: =COUNTIFS(확인항목!$A:$A,$A4,확인항목!$G:$G,"") -> 5 | L4: =IF($J4>0,"FAIL",IF($H4=0,"-",IF($K4=$H4,"미착수",IF($I4=$H4,"PASS","진행중")))) -> 미착수
A5: DS-03 | B5: 사업계획 목록 | C5: 사업부 이름이 줄마다 반복되지 않는지, 〃로 줄어든 줄도 펼쳐지는지 본다 | D5: 회사·사업부 이름이 줄마다 반복되던 걸 없앴습니다. 사업부는 바뀌는 줄에만 이름이 나오고, 전략 이름이 위와 같으면 〃로 줄입니다. | E5: 사업계획 메뉴 → '전체' 탭 | F5: ① '전체' 탭을 연다 ② 골프장 사업부의 '핵심고객 Pool 확대' 줄을 찾는다 (여러 건이 이어져 있다) ③ 사업부 칸이 첫 줄에만 '골프장'이라고 적혀 있고 아래는 비어 있는지 본다 ④ 전략 이름이 두 번째 줄부터 〃로 줄어드는지 본다 ⑤ 〃로 된 줄의 › 단추를 눌러 펼쳐본다 ⑥ 펼쳐진 칸 맨 위에 어느 목표인지 이름이 적혀 있는지 본다 | G5: 〃로 줄어든 줄도 펼쳐지는지, 펼친 내용이 S·M·A·R·T 순서로 세로로 쌓여 있는지 | H5: =COUNTIF(확인항목!$A:$A,$A5) -> 6 | I5: =COUNTIFS(확인항목!$A:$A,$A5,확인항목!$G:$G,"PASS") -> 0 | J5: =COUNTIFS(확인항목!$A:$A,$A5,확인항목!$G:$G,"FAIL") -> 0 | K5: =COUNTIFS(확인항목!$A:$A,$A5,확인항목!$G:$G,"") -> 6 | L5: =IF($J5>0,"FAIL",IF($H5=0,"-",IF($K5=$H5,"미착수",IF($I5=$H5,"PASS","진행중")))) -> 미착수
A6: DS-04 | B6: 목표 상세 | C6: 지표가 여러 개인 목표에서 요약 4칸이 제대로 계산되는지 본다 | D6: 목표 상세 화면 위쪽에 요약 4칸(달성률 / 핵심지표 / 실적 입력 / 마감 지난 미입력)이 새로 생겼습니다. 달성률은 지표별 달성률의 단순 평균입니다. | E6: 골프장 12번 '고객 중심 서비스 품질 강화' (지표 6개) 또는 골프장 9번 (지표 4개) | F6: ① 그 목표의 상세 화면을 연다 ② 요약 4칸을 읽는다 ③ '핵심지표' 칸에 6개(또는 4개)라고 맞게 나오는지 본다 ④ 그 아래 '목표값 미설정 N개'라고 뜨는지 본다 (목표값이 빈 지표가 있음) ⑤ 달성률 아래에 '지표 N개 평균'이라고 적혀 있는지 본다 ⑥ 아래 지표 카드를 하나씩 보고, 카드의 달성률을 직접 평균 내어 ⑤와 맞는지 계산해본다 | G6: 지표 개수가 실제와 맞는지, 달성률 평균이 직접 계산한 값과 맞는지 | H6: =COUNTIF(확인항목!$A:$A,$A6) -> 6 | I6: =COUNTIFS(확인항목!$A:$A,$A6,확인항목!$G:$G,"PASS") -> 0 | J6: =COUNTIFS(확인항목!$A:$A,$A6,확인항목!$G:$G,"FAIL") -> 0 | K6: =COUNTIFS(확인항목!$A:$A,$A6,확인항목!$G:$G,"") -> 6 | L6: =IF($J6>0,"FAIL",IF($H6=0,"-",IF($K6=$H6,"미착수",IF($I6=$H6,"PASS","진행중")))) -> 미착수
A7: DS-05 | B7: 목표 작성 · 나의 할 일 | C7: 새 목표를 3단계로 작성하고, 그게 '나의 할 일'에 올라오는지 본다 | D7: 한 화면에 다 있던 입력칸을 3단계로 나눴습니다. 중간에 자동 저장되고, 연간 목표값을 넣으면 분기별로 자동 분배됩니다. SMART 다섯 칸은 모두 선택 항목이라 비워도 제출됩니다. | E7: 사업계획 → '새 목표 작성'. 테스트용이므로 전략 이름 앞에 [테스트] 를 붙여주세요 | F7: ① 1단계: 사업부 'FM', 전략 이름 '[테스트] 장민경 작성확인' 입력 ② 2단계로 넘어가 KPI 지표를 초성으로 검색해본다 (예: ㅁㅊ → 매출) ③ 지표를 고르고 주기를 '분기별'로, 연간 목표값 400 입력 ④ 단위를 비운 채로 제출을 눌러본다 → 막히는지 본다 ⑤ 단위를 '백만원'으로 채우고, 목표값을 분기별로 나누는 기능을 써본다 ⑥ 1단계로 되돌아가 앞서 쓴 내용이 남아 있는지 본다 ⑦ 3단계로 가서 SMART를 하나도 안 쓴 채 제출한다 ⑧ '나의 할 일' 메뉴를 열어 이 목표가 올라왔는지 본다 | G7: 단위를 비우면 막히는지, SMART를 비워도 제출되는지, 분기 지표라 입력칸이 4개로 나뉘는지 | H7: =COUNTIF(확인항목!$A:$A,$A7) -> 7 | I7: =COUNTIFS(확인항목!$A:$A,$A7,확인항목!$G:$G,"PASS") -> 0 | J7: =COUNTIFS(확인항목!$A:$A,$A7,확인항목!$G:$G,"FAIL") -> 0 | K7: =COUNTIFS(확인항목!$A:$A,$A7,확인항목!$G:$G,"") -> 7 | L7: =IF($J7>0,"FAIL",IF($H7=0,"-",IF($K7=$H7,"미착수",IF($I7=$H7,"PASS","진행중")))) -> 미착수
A8: DS-06 | B8: 검토 화면 | C8: 목표값이 비어 있으면 합의 단추가 눌리지 않는지 본다 | D8: 검토 화면을 새로 만들었습니다. 지표·목표값·단위가 빠져 있으면 합의 단추가 아예 비활성화되고, 왜 막혔는지 적어줍니다. 숫자가 어긋나는 정도는 경고만 하고 넘어갈 수 있습니다. | E8: FM 4번 '기계설비 성능점검 연계 공사업 확대' (지표 2개 모두 목표값 없음) | F8: ① 그 목표를 제출한다 → 상태가 '검토 중'이 되는지 본다 ② 검토 화면을 연다 ③ 지표 표에서 목표값 칸이 비어 있는지 본다 ④ '합의' 단추가 눌리는지 시도해본다 ⑤ 막혀 있다면 무슨 사유가 적혀 있는지 읽는다 ⑥ 목표값을 채운 뒤 다시 와서 합의가 되는지 본다 | G8: 목표값이 비면 합의가 막히는지, 막힌 사유가 화면에 적혀 있는지 | H8: =COUNTIF(확인항목!$A:$A,$A8) -> 5 | I8: =COUNTIFS(확인항목!$A:$A,$A8,확인항목!$G:$G,"PASS") -> 0 | J8: =COUNTIFS(확인항목!$A:$A,$A8,확인항목!$G:$G,"FAIL") -> 0 | K8: =COUNTIFS(확인항목!$A:$A,$A8,확인항목!$G:$G,"") -> 5 | L8: =IF($J8>0,"FAIL",IF($H8=0,"-",IF($K8=$H8,"미착수",IF($I8=$H8,"PASS","진행중")))) -> 미착수
A9: DS-07 | B9: 결재 흐름 | C9: 지표 하나만 콕 집어 보완 요청을 보낼 수 있는지 본다 | D9: 보완 요청을 보낼 때 어느 지표에 대한 지적인지 고를 수 있습니다. 사유 앞에 [지표명]이 자동으로 붙습니다. | E9: DS-06에서 제출한 목표, 또는 FM 사업부의 작성 중 목표 하나를 제출해서 사용 | F9: ① 검토 화면에서 '보완 요청'을 누른다 ② 어느 지표에 대한 요청인지 고르는 칸이 있는지 본다 ③ 지표를 하나 고르고 사유를 적는다 ④ 저장한 뒤 목록으로 간다 ⑤ 그 목표의 상태칸 아래에 사유가 [지표명]과 함께 보이는지 본다 ⑥ 목표 상세로 들어가 '검토 · 합의 이력'이 펼쳐진 채로 열리는지 본다 | G9: 사유 앞에 [지표명]이 붙는지, 보완 요청 상태일 때 상세 화면에서 이력이 자동으로 펼쳐지는지 | H9: =COUNTIF(확인항목!$A:$A,$A9) -> 5 | I9: =COUNTIFS(확인항목!$A:$A,$A9,확인항목!$G:$G,"PASS") -> 0 | J9: =COUNTIFS(확인항목!$A:$A,$A9,확인항목!$G:$G,"FAIL") -> 0 | K9: =COUNTIFS(확인항목!$A:$A,$A9,확인항목!$G:$G,"") -> 5 | L9: =IF($J9>0,"FAIL",IF($H9=0,"-",IF($K9=$H9,"미착수",IF($I9=$H9,"PASS","진행중")))) -> 미착수
A10: DS-08 | B10: 실적 입력 | C10: 목표를 회사 → 사업부 → 목표 3단으로 찾아 들어가는지 본다 | D10: 예전에는 목표 전체가 한 줄로 길게 늘어서 찾기 어려웠습니다. 이제 왼쪽부터 회사 / 사업부 / 목표 세 칸으로 나뉩니다. 회사가 하나뿐이어도 첫 칸은 항상 나옵니다. | E10: 실적 입력 → '한 해 전체 보기' 탭. 골프장 9번(분기 지표와 월별 지표가 섞여 있음)을 권합니다 | F10: ① '한 해 전체 보기' 탭을 연다 ② 칸이 세 개(회사 / 사업부 / 목표)로 나뉘어 있는지 본다 ③ 회사 칸에 '대교D&S'가 보이는지 본다 (회사가 하나여도 나와야 함) ④ 사업부 '골프장'을 고르고, 목표 칸에서 9번을 고른다 ⑤ 지표마다 입력칸 개수가 다른지 본다 (분기 지표는 4칸, 월별 지표는 12칸) ⑥ 값을 하나 넣고 저장되는지 본다 | G10: 세 칸으로 나뉘어 있는지, 주기가 다른 지표의 입력칸 개수가 각각 맞는지(분기 4칸 / 월별 12칸) | H10: =COUNTIF(확인항목!$A:$A,$A10) -> 6 | I10: =COUNTIFS(확인항목!$A:$A,$A10,확인항목!$G:$G,"PASS") -> 0 | J10: =COUNTIFS(확인항목!$A:$A,$A10,확인항목!$G:$G,"FAIL") -> 0 | K10: =COUNTIFS(확인항목!$A:$A,$A10,확인항목!$G:$G,"") -> 6 | L10: =IF($J10>0,"FAIL",IF($H10=0,"-",IF($K10=$H10,"미착수",IF($I10=$H10,"PASS","진행중")))) -> 미착수
A11: DS-09 | B11: 변경요청 | C11: 확정된 목표의 변경 전·후·증감이 한 화면에 보이는지 본다 | D11: 변경요청 화면을 결정하기 좋게 다시 만들었습니다. 변경 전과 후, 얼마나 늘고 주는지, 그리고 그 변경이 달성률을 어떻게 바꾸는지까지 한 줄로 봅니다. | E11: 골프장 또는 식음 사업부의 확정된 목표 (예: 식음 1번 '사업역량 강화 및 매출/이익 개선') | F11: ① 확정된 목표의 상세 화면을 연다 ② '변경요청' 단추를 누른다 ③ 목표값을 지금보다 크게 바꿔 요청을 올린다 (사유도 적어본다) ④ 사업계획 → '변경요청' 으로 간다 ⑤ 변경 전 / 변경 후 / 증감(+N, +N%)이 나란히 보이는지 본다 ⑥ 변경하면 달성률이 어떻게 되는지 적혀 있는지 본다 ⑦ 사유를 비운 채로도 올릴 수 있는지 확인한다 (권장이지 필수는 아님) | G11: 변경 전·후·증감이 한눈에 보이는지, 달성률이 어떻게 바뀌는지 알려주는지 | H11: =COUNTIF(확인항목!$A:$A,$A11) -> 6 | I11: =COUNTIFS(확인항목!$A:$A,$A11,확인항목!$G:$G,"PASS") -> 0 | J11: =COUNTIFS(확인항목!$A:$A,$A11,확인항목!$G:$G,"FAIL") -> 0 | K11: =COUNTIFS(확인항목!$A:$A,$A11,확인항목!$G:$G,"") -> 6 | L11: =IF($J11>0,"FAIL",IF($H11=0,"-",IF($K11=$H11,"미착수",IF($I11=$H11,"PASS","진행중")))) -> 미착수
A12: DS-10 | B12: 권한 경계 | C12: 내가 손댈 수 없는 것은 정말 막혀 있는지 본다 | D12: 역할에 따라 할 수 있는 일이 다릅니다. 계열사 담당자는 확정된 목표를 직접 고치거나 지울 수 없고, 변경요청을 거쳐야 합니다. | E12: 확정된 목표(골프장 7번 등)와 작성 중 목표(FM 1번 등)를 비교 | F12: ① 확정된 목표의 상세를 연다 → '수정'·'삭제' 단추가 있는지 본다 ② 작성 중 목표의 상세를 연다 → '수정'·'삭제' 단추가 있는지 본다 ③ 목록에서도 두 줄을 비교해 단추 차이를 본다 ④ 주소창에 다른 회사 목표의 주소를 직접 넣어본다 (강원심층수 목표 주소를 받아 시도) ⑤ 설정 메뉴를 열어 보이는 항목이 무엇인지 본다 | G12: 확정 목표에는 수정·삭제가 없는지, 다른 회사 목표 주소로 직접 들어가도 막히는지 | H12: =COUNTIF(확인항목!$A:$A,$A12) -> 6 | I12: =COUNTIFS(확인항목!$A:$A,$A12,확인항목!$G:$G,"PASS") -> 0 | J12: =COUNTIFS(확인항목!$A:$A,$A12,확인항목!$G:$G,"FAIL") -> 0 | K12: =COUNTIFS(확인항목!$A:$A,$A12,확인항목!$G:$G,"") -> 6 | L12: =IF($J12>0,"FAIL",IF($H12=0,"-",IF($K12=$H12,"미착수",IF($I12=$H12,"PASS","진행중")))) -> 미착수

Sheet 업무흐름_전략수립
A1: 업무 흐름 — 전략 세우기 → SMART 작성 → KPI 설정 → 측정기준 수립 → 검토 → 실적 | H1: ← 자동 집계
A2: 케이스ID | B2: 단계 | C2: 이 단계에서 하는 일 | D2: 연습용 상황 (읽고 시작하세요) | E2: 먼저 생각해볼 것 ← 화면 켜기 전에 종이에 | F2: 시스템에서 할 일 (순서대로) | G2: 특히 눈여겨볼 것 | H2: 확인 항목 | I2: PASS | J2: FAIL | K2: 미확인 | L2: 케이스 결과 | M2: 테스트일 | N2: 막혔던 점 · 의견
A3: 강원심층수 · 류원준 대리 — 세 건이 이어지는 한 번의 업무입니다. 가능하면 하루에 끝내주세요.
A4: WK-01 | B4: 1단계 · 전략 세우기 (약 25분) | C4: 회사 상황을 보고 올해 할 일을 하나 정한 뒤, 전략 이름과 SMART 다섯 칸을 쓴다 | D4: [연습용 상황 — 실제 계획이 아닙니다] 강원심층수 영업은 정기배송 회원을 늘리는 데 집중해왔습니다. 올해 목표는 11,500명입니다. 그런데 신규 가입은 매달 꾸준히 느는데 전체 회원수는 좀처럼 늘지 않습니다. 들어오는 만큼 빠져나간다는 뜻입니다. 빠져나가는 회원을 붙잡는 일을 올해 과제로 삼는다고 해봅시다. | E4: 종이에 먼저 적어보세요. 시스템은 그다음입니다. ① '회원을 늘리는 것'과 '빠져나가는 걸 막는 것'은 같은 일인가요, 다른 일인가요? 다르다면 뭐가 다릅니까? ② 빠져나가는 걸 막으려면 구체적으로 뭘 하는 겁니까? (전화를 겁니까, 혜택을 줍니까, 배송 주기를 바꿉니까) ③ 그 일을 안 하면 연말에 무슨 일이 벌어집니까? ④ 올해 그 일을 할 수 있다고 보는 근거는 뭡니까? (인력·예산·이미 가진 데이터) | F4: ① 사업계획 → '새 목표 작성' ② 1단계: 사업부 '영업', 전략 이름에 위 ①~③의 답을 15~25자로 압축해 적는다. 앞에 [연습] 을 붙인다 ③ 2단계는 일단 건너뛰고 3단계로 간다 ④ 3단계에서 SMART 다섯 칸을 채운다 · S 무엇을 할지 = ②번 답 · M 어떻게 잴지 = 아직 모르면 비워둔다 (WK-02에서 정합니다) · A 가능한 근거 = ④번 답. 숫자가 있으면 숫자로 · R 왜 중요한지 = ③번 답 · T 언제까지 = 중간 점검 시점을 포함해서 ⑤ 저장하고 목록으로 나간다 | G4: 전략 이름이 목록에 한 줄로 읽히는지, SMART를 다 못 채워도 저장되는지 | H4: =COUNTIF(확인항목!$A:$A,$A4) -> 7 | I4: =COUNTIFS(확인항목!$A:$A,$A4,확인항목!$G:$G,"PASS") -> 0 | J4: =COUNTIFS(확인항목!$A:$A,$A4,확인항목!$G:$G,"FAIL") -> 0 | K4: =COUNTIFS(확인항목!$A:$A,$A4,확인항목!$G:$G,"") -> 7 | L4: =IF($J4>0,"FAIL",IF($H4=0,"-",IF($K4=$H4,"미착수",IF($I4=$H4,"PASS","진행중")))) -> 미착수
A5: WK-02 | B5: 2단계 · 무엇으로 잴지 정하기 (약 30분) | C5: 전략을 무엇으로 측정할지 정하고, KPI 기준정보에 측정 규칙을 등록한 뒤 목표에 연결한다 | D5: [연습용 상황 이어서] 전략은 정했습니다. 이제 '잘 되고 있는지'를 무엇으로 볼지 정할 차례입니다. 이 단계에서 틀리면 연말에 달성률이 엉뚱하게 나옵니다. 측정 규칙을 먼저 못 박아두는 이유입니다. | E5: 역시 종이에 먼저 적어보세요. ① 이탈률(%)로 볼 것인가, 유지 회원수(명)로 볼 것인가? 둘은 무엇이 다릅니까? ② 그 숫자는 높을수록 좋습니까, 낮을수록 좋습니까? ③ 매달 숫자를 적을 때 '그 달에 빠져나간 사람 수'를 적습니까, '그 달 말 기준 남아 있는 총 인원'을 적습니까? (앞은 매달 발생분, 뒤는 누적된 값입니다. 연간 집계가 완전히 달라집니다) ④ 그 숫자를 매달 어디서 가져옵니까? 누가 집계합니까? 몇 분 걸립니까? ④번에 답하지 못하는 지표는 연말에 비어 있게 됩니다. | F5: ① 설정 → 'KPI 기준정보' → 새 지표 등록 ② 지표명 '[연습] 정기배송 월 이탈률' 로 넣고, 위 ②·③의 답에 따라 · 방향: 낮을수록 좋음 / 높을수록 좋음 중에서 · 단위: % 또는 명 · 기본 주기: 월별 · 집계 방식: 매달 발생분 / 누적된 값 / 기간 평균 중에서 · 설명: ④번 답(출처와 담당)을 적어둔다 ③ 같은 이름을 한 번 더 등록해본다 → 막히는지 확인 ④ WK-01에서 만든 목표로 돌아가 2단계에서 그 지표를 고른다 ⑤ 방향·단위·주기가 자동으로 따라와 있는지 본다 ⑥ 올해 목표값과 시작값(작년 수준)을 넣는다 ⑦ 월별로 나누기를 써서 12개월에 배분한다 | G5: 기준정보에서 정한 방향·단위·주기가 목표 화면에 그대로 따라오는지, 같은 이름을 또 등록하면 막히는지 | H5: =COUNTIF(확인항목!$A:$A,$A5) -> 7 | I5: =COUNTIFS(확인항목!$A:$A,$A5,확인항목!$G:$G,"PASS") -> 0 | J5: =COUNTIFS(확인항목!$A:$A,$A5,확인항목!$G:$G,"FAIL") -> 0 | K5: =COUNTIFS(확인항목!$A:$A,$A5,확인항목!$G:$G,"") -> 7 | L5: =IF($J5>0,"FAIL",IF($H5=0,"-",IF($K5=$H5,"미착수",IF($I5=$H5,"PASS","진행중")))) -> 미착수
A6: WK-03 | B6: 3단계 · 내놓고 · 재보고 · 정리 (약 25분) | C6: 제출해서 검토자 눈으로 다시 보고, 실적을 한두 달 넣어 달성률이 상식과 맞는지 확인한 뒤 뒷정리한다 | D6: [연습용 상황 이어서] 다 썼습니다. 이제 남의 눈으로 보는 단계입니다. 특히 '낮을수록 좋은 지표'는 달성률이 직관과 어긋나기 쉬워서, 실적을 한 번 넣어보고 확인해야 합니다. | E6: ① 내가 쓴 A칸(가능한 근거)을 검토자가 보면 '그 숫자 어디서 나왔냐'고 물을 것 같습니까? ② 목표값을 지금 수준보다 얼마나 낮게 잡았습니까? 그 폭의 근거는 있습니까? ③ 목표가 3%인데 실적이 5%로 나왔다면 달성률은 몇 %여야 상식에 맞습니까? (100%보다 크게 나와야 할까요, 작게 나와야 할까요) | F6: ① 목표를 제출한다 ② '나의 할 일'에 검토 차례로 올라오는지 본다 ③ 검토 화면을 열어 내가 쓴 내용을 처음 보는 사람처럼 읽는다 ④ 스스로 걸리는 점 하나를 골라 '보완 요청'을 보낸다 ⑤ 그 지적대로 고친 뒤 다시 제출하고 '합의'한다 ⑥ 실적 입력에서 1월·2월 실적을 넣는다 (목표보다 나쁜 값 한 번, 좋은 값 한 번) ⑦ 목표 상세에서 달성률이 ③번 답과 맞는지 본다 ⑧ 설정 → KPI 기준정보에서 '[연습]' 지표를 숨김 처리한다 ⑨ 목록에서 그 지표를 쓰던 목표가 어떻게 보이는지 확인한다 | G6: 낮을수록 좋은 지표의 달성률이 상식과 맞는지, 숨긴 지표가 이미 쓰고 있는 목표에서는 그대로 보이는지 | H6: =COUNTIF(확인항목!$A:$A,$A6) -> 8 | I6: =COUNTIFS(확인항목!$A:$A,$A6,확인항목!$G:$G,"PASS") -> 0 | J6: =COUNTIFS(확인항목!$A:$A,$A6,확인항목!$G:$G,"FAIL") -> 0 | K6: =COUNTIFS(확인항목!$A:$A,$A6,확인항목!$G:$G,"") -> 8 | L6: =IF($J6>0,"FAIL",IF($H6=0,"-",IF($K6=$H6,"미착수",IF($I6=$H6,"PASS","진행중")))) -> 미착수
A7: 대교D&S · 장민경 과장 — 세 건이 이어지는 한 번의 업무입니다. 가능하면 하루에 끝내주세요.
A8: WD-01 | B8: 1단계 · 전략 세우기 (약 25분) | C8: 회사 상황을 보고 올해 할 일을 하나 정한 뒤, 전략 이름과 SMART 다섯 칸을 쓴다 | D8: [연습용 상황 — 실제 계획이 아닙니다] 골프장은 11월부터 2월까지가 비수기입니다. 코스와 인력은 그대로 두고 가는데 내장객만 줄어듭니다. 고정비는 계속 나가므로 비수기 넉 달의 손익이 한 해 전체를 끌어내립니다. 비수기에 사람을 더 들이는 일을 올해 과제로 삼는다고 해봅시다. | E8: 종이에 먼저 적어보세요. 시스템은 그다음입니다. ① 비수기에 사람을 들이는 방법으로 뭐가 있습니까? 가격을 깎습니까, 다른 걸 끼워 팝니까, 다른 손님을 부릅니까? ② 그중 올해 할 수 있는 건 뭡니까? 못 하는 건 왜 못 합니까? ③ 가격을 깎아서 사람을 채우면 매출은 늘어도 이익은 줄 수 있습니다. 이 목표가 성공했다는 건 무엇으로 판단합니까? ④ 그 일을 안 하면 연말에 무슨 일이 벌어집니까? | F8: ① 사업계획 → '새 목표 작성' ② 1단계: 사업부 '골프장', 전략 이름에 위 ①~③의 답을 15~25자로 압축해 적는다. 앞에 [연습] 을 붙인다 ③ 2단계는 일단 건너뛰고 3단계로 간다 ④ 3단계에서 SMART 다섯 칸을 채운다 · S 무엇을 할지 = ②번 답 · M 어떻게 잴지 = 아직 모르면 비워둔다 (WD-02에서 정합니다) · A 가능한 근거 = 작년 비수기 실적이나 이미 가진 고객 데이터로 · R 왜 중요한지 = ④번 답 · T 언제까지 = 비수기가 11월에 시작하므로 준비 시점을 포함해서 ⑤ 저장하고 목록으로 나간다 | G8: 전략 이름이 목록에 한 줄로 읽히는지, SMART를 다 못 채워도 저장되는지 | H8: =COUNTIF(확인항목!$A:$A,$A8) -> 7 | I8: =COUNTIFS(확인항목!$A:$A,$A8,확인항목!$G:$G,"PASS") -> 0 | J8: =COUNTIFS(확인항목!$A:$A,$A8,확인항목!$G:$G,"FAIL") -> 0 | K8: =COUNTIFS(확인항목!$A:$A,$A8,확인항목!$G:$G,"") -> 7 | L8: =IF($J8>0,"FAIL",IF($H8=0,"-",IF($K8=$H8,"미착수",IF($I8=$H8,"PASS","진행중")))) -> 미착수
A9: WD-02 | B9: 2단계 · 무엇으로 잴지 정하기 (약 35분) | C9: 숫자로 재는 지표와 완료 여부로 재는 지표를 각각 만들어 한 목표에 두 개를 붙인다 | D9: [연습용 상황 이어서] 비수기 과제는 두 가지 성격이 섞여 있습니다. 하나는 '사람이 얼마나 왔나' — 숫자로 떨어집니다. 다른 하나는 '비수기 상품을 만들었나' — 숫자가 아니라 했느냐 안 했느냐입니다. 이 시스템은 두 가지를 다르게 다룹니다. 둘 다 만들어 봅니다. | E9: 역시 종이에 먼저. ① 사람이 얼마나 왔는지는 내장객 수(명)로 봅니까, 가동률(%)로 봅니까? 둘은 무엇이 다릅니까? ② 그 숫자를 매달 적습니까, 분기에 한 번 적습니까? 비수기가 넉 달인데 월별이 맞습니까? ③ 매달 적을 때 '그 달에 온 사람 수'를 적습니까, '누적 인원'을 적습니까? ④ '비수기 상품 개발'은 몇 %까지 됐다고 적을 수 있는 일입니까, 아니면 했다/안 했다로만 말할 수 있는 일입니까? ⑤ 두 지표 중 하나만 달성하고 하나는 못 했다면, 이 목표는 성공입니까? | F9: ① 설정 → 'KPI 기준정보' → 새 지표 두 개 등록 가. '[연습] 비수기 내장객 수' — 방향·단위·주기·집계 방식을 위 ①~③ 답대로 나. '[연습] 비수기 상품 출시' — ④번 답에 따라 완료 여부로 관리하는 유형으로 ② 두 지표의 '설명'에 숫자를 어디서 가져오는지 적어둔다 ③ WD-01에서 만든 목표로 돌아가 2단계에서 두 지표를 모두 고른다 ④ 가.에는 올해 목표값과 시작값을 넣는다 ⑤ 나.는 목표값 칸이 어떻게 달라지는지 본다 ⑥ 가.의 목표값을 기간별로 나눈다. 비수기에만 숫자를 넣고 나머지는 0으로 둬본다 | G9: 완료 여부로 관리하는 지표는 목표값·단위를 묻지 않는지, 기간별 목표를 직접 조정했을 때 연간 목표와 어긋나면 알려주는지 | H9: =COUNTIF(확인항목!$A:$A,$A9) -> 7 | I9: =COUNTIFS(확인항목!$A:$A,$A9,확인항목!$G:$G,"PASS") -> 0 | J9: =COUNTIFS(확인항목!$A:$A,$A9,확인항목!$G:$G,"FAIL") -> 0 | K9: =COUNTIFS(확인항목!$A:$A,$A9,확인항목!$G:$G,"") -> 7 | L9: =IF($J9>0,"FAIL",IF($H9=0,"-",IF($K9=$H9,"미착수",IF($I9=$H9,"PASS","진행중")))) -> 미착수
A10: WD-03 | B10: 3단계 · 내놓고 · 재보고 · 정리 (약 30분) | C10: 제출해서 검토자 눈으로 다시 보고, 성격이 다른 두 지표의 달성률이 어떻게 합쳐지는지 확인한 뒤 뒷정리한다 | D10: [연습용 상황 이어서] 한 목표에 성격이 다른 지표 두 개가 붙어 있습니다. 하나는 78% 달성, 다른 하나는 했다/안 했다뿐입니다. 이 목표의 달성률은 몇 %로 보여야 할까요? 시스템이 어떻게 처리하는지 보고, 그게 납득되는지 판단해주세요. | E10: ① 내가 쓴 A칸(가능한 근거)을 검토자가 보면 '그 숫자 어디서 나왔냐'고 물을 것 같습니까? ② 두 지표의 달성률을 하나로 합친다면 어떻게 합치는 게 맞습니까? 단순 평균입니까, 가중치를 둡니까? ③ 가중치를 둔다면 그 비율의 근거를 검토자에게 설명할 수 있습니까? (시스템은 단순 평균을 씁니다. 그 이유가 화면에 적혀 있는지 보세요) | F10: ① 목표를 제출한다 ② '나의 할 일'에 검토 차례로 올라오는지 본다 ③ 검토 화면을 열어 지표 두 개가 표에 어떻게 나오는지 본다 ④ 숫자 지표 하나만 콕 집어 '보완 요청'을 보낸다 ⑤ 고친 뒤 다시 제출하고 '합의'한다 ⑥ 실적 입력에서 숫자 지표에 11월 실적을, 완료 여부 지표에 '완료'를 넣는다 ⑦ 목표 상세의 요약 4칸에서 달성률과 '지표 N개 평균' 표기를 본다 ⑧ 설정 → KPI 기준정보에서 '[연습]' 지표 두 개를 숨김 처리한다 ⑨ 목록에서 그 지표를 쓰던 목표가 어떻게 보이는지 확인한다 | G10: 성격이 다른 두 지표의 달성률이 어떻게 합쳐지는지, 그 계산 방식이 화면에 설명돼 있는지 | H10: =COUNTIF(확인항목!$A:$A,$A10) -> 8 | I10: =COUNTIFS(확인항목!$A:$A,$A10,확인항목!$G:$G,"PASS") -> 0 | J10: =COUNTIFS(확인항목!$A:$A,$A10,확인항목!$G:$G,"FAIL") -> 0 | K10: =COUNTIFS(확인항목!$A:$A,$A10,확인항목!$G:$G,"") -> 8 | L10: =IF($J10>0,"FAIL",IF($H10=0,"-",IF($K10=$H10,"미착수",IF($I10=$H10,"PASS","진행중")))) -> 미착수

Sheet 확인항목
A1: 확인항목 — 기대 결과(맨 오른쪽)와 실제 화면을 비교해 판정합니다. 노란 칸만 입력하세요.
A2: 케이스ID | B2: 담당자 | C2: 회사 | D2: 구분 | E2: 화면 위치 | F2: 확인항목 | G2: 판정 | H2: 실제로 본 것 (다를 때만) | I2: 결함ID | J2: 기대 결과 (이렇게 나와야 합니다)
A3: KW-01 | B3: 류원준 | C3: 강원심층수 | D3: 기능 | E3: 왼쪽 메뉴 | F3: 메뉴 순서 | J3: 위에서부터 대시보드 / 나의 할 일 / 사업계획 / 실적 입력 순서로 있고, 맨 아래에 설정이 있다
A4: KW-01 | B4: 류원준 | C4: 강원심층수 | D4: 기능 | E4: 로그인 직후 | F4: 첫 화면 | J4: '대시보드' 화면이 열린다 (나의 할 일이 아니다)
A5: KW-01 | B5: 류원준 | C5: 강원심층수 | D5: 기능 | E5: 왼쪽 아래 | F5: 연도 | J5: 2026년으로 되어 있다
A6: KW-01 | B6: 류원준 | C6: 강원심층수 | D6: 기능 | E6: 화면 위 필터 | F6: 회사 선택 | J6: '강원심층수'만 있다. 다른 계열사는 고를 수 없다
A7: KW-01 | B7: 류원준 | C7: 강원심층수 | D7: 기능 | E7: 사업계획 목록 | F7: 다른 회사 데이터 | J7: 강원심층수 목표만 나온다
A8: KW-02 | B8: 류원준 | C8: 강원심층수 | D8: 기능 | E8: 대시보드 위 | F8: 전체 목표 숫자 | J8: 누르면 사업계획 목록으로 넘어간다
A9: KW-02 | B9: 류원준 | C9: 강원심층수 | D9: 기능 | E9: 대시보드 아래 | F9: 실적 미입력 카드 | J9: 목표 이름을 누르면 '실적 입력' 화면이 열린다 (대시보드·현황이 아니다)
A10: KW-02 | B10: 류원준 | C10: 강원심층수 | D10: 기능 | E10: 실적 입력 화면 | F10: 목표 선택 상태 | J10: 넘어간 화면에서 그 목표가 이미 골라져 있다
A11: KW-02 | B11: 류원준 | C11: 강원심층수 | D11: 기능 | E11: 도넛 그래프 | F11: 조각 클릭 | J11: 조각을 누르면 그 상태의 목표만 걸러진 목록이 열린다
A12: KW-02 | B12: 류원준 | C12: 강원심층수 | D12: 기능 | E12: 대시보드 맨 위 | F12: 한 줄 요약 | J12: 현재 상황을 한 문장으로 알려주는 글이 있다
A13: KW-03 | B13: 류원준 | C13: 강원심층수 | D13: 기능 | E13: 나의 할 일 | F13: 카드 목록 | J13: 지금 내가 처리할 목표만 카드로 나온다
A14: KW-03 | B14: 류원준 | C14: 강원심층수 | D14: 기능 | E14: 나의 할 일 | F14: 정렬 순서 | J14: 급한 것(마감 지남 → 남이 넘긴 일 → 내가 멈춰둔 일) 순으로 위에 있다
... A157: WD-03 | B157: 장민경 | C157: 대교D&S | D157: 업무 | E157: 목록 | F157: 숨김 후 기존 목표 | J157: 이미 그 지표를 쓰고 있는 목표에는 지표명이 그대로 남아 있다

Sheet 결함목록
A1: 결함목록 — FAIL이 난 것을 여기에 적습니다. 결함ID를 '확인항목' 시트의 해당 줄에도 적어주세요.
A2: 결함ID | B2: 발견자 | C2: 케이스ID | D2: 화면 | E2: 무슨 일이 일어났나요 | F2: 어떻게 하면 다시 보이나요 (재현 순서) | G2: 심각도 | H2: 발견일 | I2: 처리 상태 | J2: 조치 내용
A3: BUG-01 | B3: 류원준 | C3: KW-04 | D3: 사업계획 목록 | E3: (예시) 〃로 줄어든 줄의 › 단추를 눌러도 아무 반응이 없다 | F3: ① 사업계획 > 전체 탭 ② 신성장 '신성장동력 발굴(소금사업)' 세 줄 중 두 번째 줄 ③ 전략 이름 왼쪽 › 를 클릭 ④ 펼쳐지지 않음 | G3: 중간 — 불편하지만 일은 된다 | H3: 2026-10-30 | I3: 확인 중

Sheet 진행현황
B2: 진행현황
B3: 아래 숫자는 전부 자동 계산입니다. 입력할 칸이 없습니다.
B5: 담당자 | C5: 회사 | D5: 구분 | E5: 시나리오 | F5: 확인항목 | G5: PASS | H5: FAIL | I5: 보류 | J5: 미확인 | K5: 진행률
B6: 류원준 | C6: 강원심층수 | D6: 기능 | E6: 10 | F6: =COUNTIFS(확인항목!$B:$B,$B6,확인항목!$D:$D,$D6) -> 54 | G6: =COUNTIFS(확인항목!$B:$B,$B6,확인항목!$D:$D,$D6,확인항목!$G:$G,"PASS") -> 0 | H6: =COUNTIFS(확인항목!$B:$B,$B6,확인항목!$D:$D,$D6,확인항목!$G:$G,"FAIL") -> 0 | I6: =COUNTIFS(확인항목!$B:$B,$B6,확인항목!$D:$D,$D6,확인항목!$G:$G,"보류") -> 0 | J6: =COUNTIFS(확인항목!$B:$B,$B6,확인항목!$D:$D,$D6,확인항목!$G:$G,"") -> 54 | K6: =IF($F6=0,0,($F6-$J6)/$F6) -> 0
B7: 류원준 | C7: 강원심층수 | D7: 업무 | E7: 3 | F7: =COUNTIFS(확인항목!$B:$B,$B7,확인항목!$D:$D,$D7) -> 22 | G7: =COUNTIFS(확인항목!$B:$B,$B7,확인항목!$D:$D,$D7,확인항목!$G:$G,"PASS") -> 0 | H7: =COUNTIFS(확인항목!$B:$B,$B7,확인항목!$D:$D,$D7,확인항목!$G:$G,"FAIL") -> 0 | I7: =COUNTIFS(확인항목!$B:$B,$B7,확인항목!$D:$D,$D7,확인항목!$G:$G,"보류") -> 0 | J7: =COUNTIFS(확인항목!$B:$B,$B7,확인항목!$D:$D,$D7,확인항목!$G:$G,"") -> 22 | K7: =IF($F7=0,0,($F7-$J7)/$F7) -> 0
B8: 장민경 | C8: 대교D&S | D8: 기능 | E8: 10 | F8: =COUNTIFS(확인항목!$B:$B,$B8,확인항목!$D:$D,$D8) -> 57 | G8: =COUNTIFS(확인항목!$B:$B,$B8,확인항목!$D:$D,$D8,확인항목!$G:$G,"PASS") -> 0 | H8: =COUNTIFS(확인항목!$B:$B,$B8,확인항목!$D:$D,$D8,확인항목!$G:$G,"FAIL") -> 0 | I8: =COUNTIFS(확인항목!$B:$B,$B8,확인항목!$D:$D,$D8,확인항목!$G:$G,"보류") -> 0 | J8: =COUNTIFS(확인항목!$B:$B,$B8,확인항목!$D:$D,$D8,확인항목!$G:$G,"") -> 57 | K8: =IF($F8=0,0,($F8-$J8)/$F8) -> 0
B9: 장민경 | C9: 대교D&S | D9: 업무 | E9: 3 | F9: =COUNTIFS(확인항목!$B:$B,$B9,확인항목!$D:$D,$D9) -> 22 | G9: =COUNTIFS(확인항목!$B:$B,$B9,확인항목!$D:$D,$D9,확인항목!$G:$G,"PASS") -> 0 | H9: =COUNTIFS(확인항목!$B:$B,$B9,확인항목!$D:$D,$D9,확인항목!$G:$G,"FAIL") -> 0 | I9: =COUNTIFS(확인항목!$B:$B,$B9,확인항목!$D:$D,$D9,확인항목!$G:$G,"보류") -> 0 | J9: =COUNTIFS(확인항목!$B:$B,$B9,확인항목!$D:$D,$D9,확인항목!$G:$G,"") -> 22 | K9: =IF($F9=0,0,($F9-$J9)/$F9) -> 0
B10: 합계 | E10: =SUM(E6:E9) -> 26 | F10: =SUM(F6:F9) -> 155 | G10: =SUM(G6:G9) -> 0 | H10: =SUM(H6:H9) -> 0 | I10: =SUM(I6:I9) -> 0 | J10: =SUM(J6:J9) -> 155 | K10: =IF($F10=0,0,($F10-$J10)/$F10) -> 0
B12: 케이스 단위 결과
B13: 시트 | C13: PASS | D13: FAIL | E13: 진행중 | F13: 미착수
B14: 기능_강원심층수 | C14: =COUNTIF(기능_강원심층수!$L$3:$L$12,"PASS") -> 0 | D14: =COUNTIF(기능_강원심층수!$L$3:$L$12,"FAIL") -> 0 | E14: =COUNTIF(기능_강원심층수!$L$3:$L$12,"진행중") -> 0 | F14: =COUNTIF(기능_강원심층수!$L$3:$L$12,"미착수") -> 10
B15: 기능_대교D&S | C15: =COUNTIF('기능_대교D&S'!$L$3:$L$12,"PASS") -> 0 | D15: =COUNTIF('기능_대교D&S'!$L$3:$L$12,"FAIL") -> 0 | E15: =COUNTIF('기능_대교D&S'!$L$3:$L$12,"진행중") -> 0 | F15: =COUNTIF('기능_대교D&S'!$L$3:$L$12,"미착수") -> 10
B16: 업무흐름_전략수립 | C16: =COUNTIF(업무흐름_전략수립!$L$3:$L$10,"PASS") -> 0 | D16: =COUNTIF(업무흐름_전략수립!$L$3:$L$10,"FAIL") -> 0 | E16: =COUNTIF(업무흐름_전략수립!$L$3:$L$10,"진행중") -> 0 | F16: =COUNTIF(업무흐름_전략수립!$L$3:$L$10,"미착수") -> 6
B18: 결함 현황
B19: 구분 | C19: 건수
B20: 치명 — 업무가 아예 안 된다 | C20: =COUNTIF(결함목록!$G$4:$G$43,"치명 — 업무가 아예 안 된다") -> 0
B21: 중간 — 불편하지만 일은 된다 | C21: =COUNTIF(결함목록!$G$4:$G$43,"중간 — 불편하지만 일은 된다") -> 0
B22: 경미 — 보기에만 어색하다 | C22: =COUNTIF(결함목록!$G$4:$G$43,"경미 — 보기에만 어색하다") -> 0
B23: 개선 의견 — 오류는 아니다 | C23: =COUNTIF(결함목록!$G$4:$G$43,"개선 의견 — 오류는 아니다") -> 0
B24: 미해결 (재확인 완료가 아닌 것) | C24: =COUNTA(결함목록!$A$4:$A$43)-COUNTIF(결함목록!$I$4:$I$43,"재확인 완료")-COUNTIF(결함목록!$I$4:$I$43,"결함 아님") -> 0

Sheet 단위테스트(자동)
B2: 단위 테스트 — 자동 점검 결과
B3: 계산식과 화면 규칙은 사람이 눈으로 볼 수 없는 영역이라, 코드로 매번 같은 기준으로 자동 점검합니다. 테스터가 입력할 칸은 없습니다. 배포 전에 개발자가 돌린 결과를 기록해 둔 시트입니다.
B5: ① 계산 로직 점검 · node check-logic.js
B6: 점검 항목 | C6: 통과 | D6: 무엇을 보는가
B7: ① 달성률 — 지표 유형별 | C7: 11 | D7: 증가형·감소형·마일스톤·정성 지표의 달성률 계산식 (업무 WK-03·WD-03이 화면에서 확인하는 부분)
B8: ② 달성률 — 입력된 구간끼리만 비교 | C8: 10 | D8: 7개월치 실적을 12개월 목표와 비교해 300%가 나오던 왜곡을 막는다
B9: ③ 기간별 참고 목표값 | C9: 9 | D9: 연간 목표만 있을 때 월·분기 목표를 어떻게 나누는가 (합산/누적/평균)
B10: ④ 기간 — 목록·라벨·마감일 | C10: 22 | D10: 월·분기·반기·연간의 기간 목록, 마감일, 마감 지난 미입력 추려내기
B11: ⑤ 결재 — 역할별 '내 차례' | C11: 11 | D11: 사업부/계열사/지주사 담당자에게 각각 어떤 상태가 내 차례인가
B12: ⑥ 제출 준비 조건 | C12: 9 | D12: 무엇이 비면 제출을 막는가 (SMART는 막지 않는다)
B13: ⑦ 표시 — 지표명·불릿·이스케이프 | C13: 16 | D13: KPI 지표명 표시 규칙, 불릿 목록 변환, 태그 입력 방어
B14: ⑧ 색·위험도는 CSS 클래스로만 | C14: 6 | D14: 화면 색을 코드에 직접 쓰지 않고 디자인 토큰으로만 쓰는지
B15: ⑨ 조직 표시 기간 · 정렬 | C15: 7 | D15: 계열사·사업부의 신설/종료 연도에 따른 노출, 관리번호 정렬
B16: ⑩ 비밀번호 규칙 | C16: 4 | D16: 길이·문자 종류·공백 검사
B17: 합계 | C17: =SUM(C7:C16) -> 105 | D17: 실패 0건 — 2026-10-29 기준
B19: ② 화면 규칙 점검 · node check-ui.js
B20: 점검 항목 | C20: 결과 | D20: 무엇을 보는가
B21: 색상은 토큰으로만 | C21: 통과 | D21: CSS·HTML·차트 어디에도 색상값(#3a4356)을 직접 쓰지 않았는가
B22: 정의되지 않은 토큰 | C22: 통과 | D22: var(--acent) 같은 오타로 색이 조용히 빠지지 않았는가
B23: 간격·반경은 4px 그리드 | C23: 통과 | D23: 여백이 4의 배수인가 (13px·18px 같은 눈대중 값이 섞이지 않았는가)
B24: 제목·버튼 공통 스타일 | C24: 통과 | D24: 모든 화면이 같은 제목·버튼 스타일을 쓰는가
B25: 흐름을 끊는 alert 금지 | C25: 통과 | D25: 확인을 눌러야 하는 창 대신 모서리 알림을 쓰는가
B26: 화면 사이 링크 | C26: 통과 | D26: 없는 파일을 가리키는 링크가 없는가
B27: 인라인 스크립트 문법 | C27: 통과 | D27: 화면 17개의 스크립트에 문법 오류가 없는가
B28: getElementById 참조 | C28: 통과 | D28: 코드가 찾는 화면 요소가 실제로 존재하는가
B29: 합계 | C29: 실패 0건 | D29: 확인 필요 0건 — 2026-10-29 기준
B31: 자동 점검이 못 잡는 것
B32: 사람이 봐야 하는 영역 | C32: → | D32: 화면이 실제로 그렇게 보이는지, 눌렀을 때 의도한 화면으로 가는지, 설명이 이해되는지, 권한이 실제로 막히는지. 그리고 무엇보다 — 이 시스템으로 사업계획을 실제로 세울 수 있는지. 마지막 항목이 업무 흐름 시나리오의 몫입니다.
